post_created_date,reach,Genre.1,Emotions.1,caption,permalink
2025-12-14,4417,Crime,Shock -VE,,https://www.instagram.com/p/DSP4vGsAEq9/
2025-12-14,2815,Entertainment,Controversy,,https://www.instagram.com/p/DSPXGl9gIxY/
2025-12-14,1446,Sports,Sadness,,https://www.instagram.com/p/DSO9zc3GBjT/
2025-12-14,1499,Crime,Shock -VE,,https://www.instagram.com/p/DSOUtSBDvn7/
2025-12-15,2609,Crime,Anger,,https://www.instagram.com/p/DSSbRJVgA0t/
2025-12-15,1531,Current-Affairs,Anger,,https://www.instagram.com/p/DSSAiIPGEzA/
2025-12-15,2843,Sports,Surprise +VE,,https://www.instagram.com/p/DSQ5go_CA7W/
2025-12-16,2273,Politics,Anger,,https://www.instagram.com/p/DSTeS3yD0Dr/
2025-12-17,2213,Sports,Curiosity,,https://www.instagram.com/p/DSWu0NGDA5Y/
2025-12-18,2234,Sports,Controversy,,https://www.instagram.com/p/DSZb8TigO7H/
2025-12-21,2110,Sports,Shock -VE,,https://www.instagram.com/p/DSh49_AgKmy/
2025-12-21,1424,Off-beat,Surprise +VE,,https://www.instagram.com/p/DShikcPj5iM/
2025-12-22,2807,Current-Affairs,Anger,,https://www.instagram.com/p/DSkfDGSAPwY/
2025-12-22,3444,Entertainment,Shock -VE,,https://www.instagram.com/p/DSkAouQAJBJ/
2025-12-23,1852,Business,Breaking News,,https://www.instagram.com/p/DSnL6MDCbI9/
2025-12-23,3708,Business,Surprise +VE,,https://www.instagram.com/p/DSms4ZNCSCk/
2025-12-24,2424,Sports,Happiness,,https://www.instagram.com/p/DSpoxj6CXXQ/
2025-12-24,1612,International Politics,Shock -VE,,https://www.instagram.com/p/DSpM1PwDrPG/
2025-12-24,2800,Int others,Funny,,https://www.instagram.com/p/DSotUVjFKKv/
2025-12-25,3150,International Politics,Anger,,https://www.instagram.com/p/DSq4YkvDuSJ/
2025-12-25,3961,International Politics,Anger,,https://www.instagram.com/p/DSsNbg3DymS/
2025-12-25,2030,Off-beat,Surprise +VE,,https://www.instagram.com/p/DSrkwWPmPAS/
2025-12-26,1775,Politics,Anger,,https://www.instagram.com/p/DSteFXJCX6B/
2025-12-27,4340,Off-beat,Surprise +VE,,https://www.instagram.com/p/DSxdXxdCZqS/
2025-12-28,3934,Crime,Shock -VE,,https://www.instagram.com/p/DSylv-1mNOU/
2025-12-28,1505,Entertainment,Fandom,,https://www.instagram.com/p/DSz306ngA3w/
2025-12-28,1664,Current-Affairs,Surprise +VE,,https://www.instagram.com/p/DSzOyv-GGOP/
2025-12-29,2707,Entertainment,Fandom,,https://www.instagram.com/p/DS1K-QKGGx1/
2025-12-29,3934,Current-Affairs,Shock -VE,,https://www.instagram.com/p/DS2EpDjjVp2/
2025-12-29,3407,Crime,Anger,,https://www.instagram.com/p/DS1mOsnmF7v/
2025-12-30,4434,Entertainment,Controversy,,https://www.instagram.com/p/DS3wUUzmCH2/
2025-12-30,4315,International Politics,Anger,,https://www.instagram.com/p/DS4_B0aiVUz/
2025-12-30,5186,Entertainment,Shock -VE,,https://www.instagram.com/p/DS4wGFDCZGy/
2025-12-31,1634,Entertainment,Surprise +VE,,https://www.instagram.com/p/DS7hp0mifDp/
2025-12-31,3499,Entertainment,Controversy,,https://www.instagram.com/p/DS63iThmCdx/
2026-01-01,1928,Lifestyle,Surprise +VE,,https://www.instagram.com/p/DS88FMKCbDD/
2026-01-01,2667,International Politics,Anger,,https://www.instagram.com/p/DS-RgOPiVO1/
2026-01-01,12577,Lifestyle,Fear/Concern,,https://www.instagram.com/p/DS9yWy9Cf0X/
2026-01-01,4460,Entertainment,Fandom,,https://www.instagram.com/p/DS9XPHkiSx8/
2026-01-02,2993,Job,Surprise +VE,,https://www.instagram.com/p/DTAxG3SCfUR/
2026-01-02,1452,International Politics,Anger,,https://www.instagram.com/p/DTAPUdsibiI/
2026-01-02,1571,Current-Affairs,Shock -VE,,https://www.instagram.com/p/DTAFOD1icO-/
2026-01-03,1718,Business,Motivation,,https://www.instagram.com/p/DTDbrQZCU9g/
2026-01-03,2261,Sports,Controversy,,https://www.instagram.com/p/DTCh83vCWDj/
2026-01-04,2645,Current-Affairs,Shock -VE,,https://www.instagram.com/p/DTEojQrmL5d/
2026-01-04,2033,Sports,Controversy,,https://www.instagram.com/p/DTF5fm8D0o-/
2026-01-04,1569,Business,Pride,,https://www.instagram.com/p/DTFd8J7DjnZ/
2026-01-05,1491,Sports,Breaking News,,https://www.instagram.com/p/DTIh8eKDFmD/
2026-01-05,1510,Current-Affairs,Breaking News,,https://www.instagram.com/p/DTHwufRmFrj/
2026-01-06,34521,Entertainment,Controversy,,https://www.instagram.com/p/DTLO2AbmFSn/
2026-01-06,2240,Sports,Controversy,,https://www.instagram.com/p/DTKHepelQvk/
2026-01-07,1735,Lifestyle,Curiosity,,https://www.instagram.com/p/DTN0KcVGMXV/
2026-01-07,1974,Entertainment,Surprise +VE,,https://www.instagram.com/p/DTNouNXGHvj/
2026-01-07,13173,Lifestyle,Fear/Concern,,https://www.instagram.com/p/DTNKLOfmEyy/
2026-01-08,1539,Politics,Shock -VE,,https://www.instagram.com/p/DTO8IgVDWgz/
2026-01-08,2138,International Politics,Shock -VE,,https://www.instagram.com/p/DTPwG7JmMRA/
2026-01-08,1452,Sports,Shock -VE,,https://www.instagram.com/p/DTQUe8QmLsQ/
2026-01-08,1458,Current-Affairs,Controversy,,https://www.instagram.com/p/DTQC8P4mKaE/
2026-01-17,2118,Entertainment,Shock -VE,,https://www.instagram.com/p/DTmkAQZD0Nd/
2026-01-18,2071,International Politics,Breaking News,,https://www.instagram.com/p/DTp60ACDiSt/
2026-01-18,1686,International Politics,Breaking News,,https://www.instagram.com/p/DTpTSptj8Pg/
2026-01-18,1905,Off-beat,Pride,,https://www.instagram.com/p/DTpFHVbEuRC/
2026-01-19,5512,Off-beat,Shock -VE,,https://www.instagram.com/p/DTsqJvHDvH2/
2026-01-19,3014,Entertainment,Curiosity,,https://www.instagram.com/p/DTsLfWvD5He/
2026-01-19,2240,Business,Breaking News,,https://www.instagram.com/p/DTr3d9HjSkM/
2026-01-20,2300,Sports,Funny,,https://www.instagram.com/p/DTt14Q8AM11/
2026-01-20,4243,Crime,Anger,,https://www.instagram.com/p/DTvT7tdjC2_/
2026-01-20,2535,Current-Affairs,Curiosity,,https://www.instagram.com/p/DTvB01kDrm0/
2026-01-20,1558,Sports,Breaking News,,https://www.instagram.com/p/DTu4Y6yDtQJ/
2026-01-21,1714,International Politics,Anger,,https://www.instagram.com/p/DTw11GZjhZ8/
2026-01-21,12950,Off-beat,Shock -VE,,https://www.instagram.com/p/DTwlaJrjLbt/
2026-01-21,2745,Off-beat,Anger,,https://www.instagram.com/p/DTwalstFZNn/
2026-01-21,2921,Off-beat,Heartwarming,,https://www.instagram.com/p/DTx_eN2kSLp/
2026-01-21,1516,Current-Affairs,Surprise +VE,,https://www.instagram.com/p/DTx1V3FlxY5/
2026-01-21,3808,Current-Affairs,Shock -VE,,https://www.instagram.com/p/DTxf0C_jTiR/
2026-01-21,2800,Business,Breaking News,,https://www.instagram.com/p/DTxU9pBkkcW/
2026-01-22,2745,Current-Affairs,Fear/Concern,,https://www.instagram.com/p/DTzRlhwlpWK/
2026-01-22,2228,Sports,Pride,,https://www.instagram.com/p/DTy_GqXjY8e/
2026-01-22,3319,Sports,Controversy,,https://www.instagram.com/p/DTzcnITAFbH/
2026-01-22,2648,Current-Affairs,Shock -VE,,https://www.instagram.com/p/DT0dzkdjHVI/
2026-01-22,2549,Sports,Controversy,,https://www.instagram.com/p/DT0QgW4jO0e/
2026-01-22,3299,Off-beat,Pride,,https://www.instagram.com/p/DT0KYe4EbOC/
2026-01-22,2418,Current-Affairs,Breaking News,,https://www.instagram.com/p/DTz5iUujauS/
2026-01-23,1779,Off-beat,Curiosity,,https://www.instagram.com/p/DT1mRHLjcGW/
2026-01-23,1418,Current-Affairs,Curiosity,,https://www.instagram.com/p/DT1yMtvjWlK/
2026-01-23,3071,Politics,Anger,,https://www.instagram.com/p/DT27ZSujigg/
2026-01-23,3455,Politics,Shock -VE,,https://www.instagram.com/p/DT2vZ5eGH4b/
2026-01-24,4090,Current-Affairs,Shock -VE,,https://www.instagram.com/p/DT5uL5TmO_F/
2026-01-24,5830,Current-Affairs,Shock -VE,,https://www.instagram.com/p/DT5p9cACBMq/
2026-01-24,2222,Sports,Anger,,https://www.instagram.com/p/DT5dIMbDJ2Q/
2026-01-24,3360,Crime,Shock -VE,,https://www.instagram.com/p/DT4-bMvgNzS/
2026-01-24,1491,International Politics,Fear/Concern,,https://www.instagram.com/p/DT43MbmETxi/
2026-01-24,4645,Sports,Controversy,,https://www.instagram.com/p/DT4r0HMCc0W/
2026-01-25,1775,Crime,Anger,,https://www.instagram.com/p/DT8Kru2gb4R/
2026-01-25,1818,International Politics,Anger,,https://www.instagram.com/p/DT7_JXkFxda/
2026-01-25,1742,Current-Affairs,Anger,,https://www.instagram.com/p/DT7pM0EEdcC/
2026-01-25,1558,International Politics,Anger,,https://www.instagram.com/p/DT7Q-rileHY/
2026-01-25,15053,Entertainment,Shock -VE,,https://www.instagram.com/p/DT7F3GcjxuX/
2026-01-25,1905,Off-beat,Curiosity,,https://www.instagram.com/p/DT66apMDEca/
2026-01-26,1562,Int others,Shock -VE,,https://www.instagram.com/p/DT9Q50dATJm/
2026-01-26,2325,Current-Affairs,Breaking News,,https://www.instagram.com/p/DT-qxNBDh5A/
2026-01-26,9457,Entertainment,Controversy,,https://www.instagram.com/p/DT-IN3NDhs3/
2026-01-26,5162,Entertainment,Shock -VE,,https://www.instagram.com/p/DT956cNDVQu/
2026-01-26,3197,Crime,Anger,,https://www.instagram.com/p/DT9dCXOlFRj/
2026-01-27,2559,Entertainment,Shock -VE,,https://www.instagram.com/p/DUBU6u9GP9W/
2026-01-27,1915,Sports,Curiosity,,https://www.instagram.com/p/DUA63uMCFxd/
2026-01-27,3612,Entertainment,Controversy,,https://www.instagram.com/p/DUAfCSAga3B/
2026-01-27,1485,Lifestyle,Curiosity,,https://www.instagram.com/p/DUAWEcaj4CB/
2026-01-27,6679,Automotive,Breaking News,,https://www.instagram.com/p/DUALiZUDWRD/
2026-01-28,3136,Off-beat,Heartwarming,,https://www.instagram.com/p/DUCb_wJE_bm/
2026-01-28,6140,Crime,Shock -VE,,https://www.instagram.com/p/DUD4KTnE0Re/
2026-01-28,13442,Off-beat,Surprise +VE,,https://www.instagram.com/p/DUDutScGHBZ/
2026-01-28,1688,Business,Breaking News,,https://www.instagram.com/p/DUDhZAuGObJ/
2026-01-28,2753,Politics,Shock -VE,,https://www.instagram.com/p/DUC2v04gRn3/
2026-01-28,4560,Politics,Breaking News,,https://www.instagram.com/p/DUCryvrExCM/
2026-01-29,2401,Patriotic,Patriotism,,https://www.instagram.com/p/DUE1djGk4UI/
2026-01-29,1430,Entertainment,Surprise +VE,,https://www.instagram.com/p/DUGntKBACzT/
2026-01-29,2601,International Politics,Shock -VE,,https://www.instagram.com/p/DUFxNsTlelf/
2026-01-29,2831,Politics,Breaking News,,https://www.instagram.com/p/DUFmTKij2z3/
2026-01-30,1830,Sports,Curiosity,,https://www.instagram.com/p/DUI7yBpjrgS/
2026-01-30,37277,Crime,Breaking News,,https://www.instagram.com/p/DUIznmnj-co/
2026-01-30,2884,Entertainment,Controversy,,https://www.instagram.com/p/DUIYZvoD1Fi/
2026-01-30,4084,Crime,Anger,,https://www.instagram.com/p/DUINSknjxpV/
2026-01-30,1830,Current-Affairs,Surprise +VE,,https://www.instagram.com/p/DUIIUP4DcDJ/
2026-01-31,2319,International Politics,Controversy,,https://www.instagram.com/p/DULv_qYjVMS/
2026-01-31,8055,Politics,Shock -VE,,https://www.instagram.com/p/DULUZU8AQas/
2026-01-31,2316,Politics,Breaking News,,https://www.instagram.com/p/DULODOHDmux/
2026-01-31,3230,Crime,Shock -VE,,https://www.instagram.com/p/DULANlGDdT4/
2026-01-31,1639,Lifestyle,Surprise +VE,,https://www.instagram.com/p/DUK6_ozjvc2/
2026-01-31,5898,International Politics,Controversy,,https://www.instagram.com/p/DUK0mtxDoQr/
2026-02-01,1787,International Politics,Breaking News,,https://www.instagram.com/p/DUMw2NxExJ1/
2026-02-01,2011,Sports,Surprise +VE,,https://www.instagram.com/p/DUOPsfgk-w_/
2026-02-01,1711,Entertainment,Shock -VE,,https://www.instagram.com/p/DUNhWceE5dS/
2026-02-02,1993,Automotive,Wow! Amazing!,,https://www.instagram.com/p/DUQpsyck-aS/
2026-02-02,1565,Entertainment,Surprise +VE,,https://www.instagram.com/p/DUQLiqhAZlv/
2026-02-02,3221,Off-beat,Surprise +VE,,https://www.instagram.com/p/DUPqsaoksxs/
2026-02-03,1842,International Politics,Pride,,https://www.instagram.com/p/DUR8t0bF8Il/
2026-02-03,2376,Business,Fear/Concern,,https://www.instagram.com/p/DUTe_gZlPBy/
2026-02-03,5538,Crime,Shock -VE,,https://www.instagram.com/p/DUTVAyvDkG8/
2026-02-03,1677,Sports,Surprise +VE,,https://www.instagram.com/p/DUS6ViTgY9m/
2026-02-03,2946,Off-beat,Surprise +VE,,https://www.instagram.com/p/DUSpyIVgYNI/
2026-02-03,3122,Entertainment,Controversy,,https://www.instagram.com/p/DUSStHMD3r7/
2026-02-04,3854,Crime,Shock -VE,,https://www.instagram.com/p/DUV6Powkz2N/
2026-02-04,2535,International Politics,Controversy,,https://www.instagram.com/p/DUVxBMujopG/
2026-02-04,1709,Crime,Shock -VE,,https://www.instagram.com/p/DUVpxwaE_ja/
2026-02-04,4560,Crime,Shock -VE,,https://www.instagram.com/p/DUVL-4zkwYj/
2026-02-04,1483,Entertainment,Controversy,,https://www.instagram.com/p/DUU-yhhiZSK/
2026-02-04,2900,Entertainment,Surprise +VE,,https://www.instagram.com/p/DUU8HD6E3nc/
2026-02-05,1902,Off-beat,Heartwarming,,https://www.instagram.com/p/DUYfLWlExNx/
2026-02-05,4969,Crime,Shock -VE,,https://www.instagram.com/p/DUYZSUUCQlo/
2026-02-05,1507,Sports,Controversy,,https://www.instagram.com/p/DUX9Cj4DpOF/
2026-02-05,2025,Current-Affairs,Shock -VE,,https://www.instagram.com/p/DUX3lQ7gQuo/
2026-02-05,1416,International Politics,Anger,,https://www.instagram.com/p/DUXtS3rjhUt/
2026-02-05,1533,Off-beat,Shock -VE,,https://www.instagram.com/p/DUXpoAUGo04/
2026-02-05,6394,Job,Surprise +VE,,https://www.instagram.com/p/DUXkzybk1MX/
2026-02-05,1657,Politics,Shock -VE,,https://www.instagram.com/p/DUXfZJkk4wg/
2026-02-06,6497,Crime,Shock -VE,,https://www.instagram.com/p/DUbHU3HExu1/
2026-02-06,3250,Entertainment,Curiosity,,https://www.instagram.com/p/DUa0p8nk7WG/
2026-02-06,3477,Sports,Shock -VE,,https://www.instagram.com/p/DUab3i1DYeq/
2026-02-06,2243,Current-Affairs,Shock -VE,,https://www.instagram.com/p/DUaOsSjDUA8/
2026-02-07,3745,International Politics,Funny,,https://www.instagram.com/p/DUd0Drqgmr9/
2026-02-07,1943,Current-Affairs,Anger,,https://www.instagram.com/p/DUdlDIdgse1/
2026-02-07,1964,Off-beat,Shock -VE,,https://www.instagram.com/p/DUcpCJqAYhI/
2026-02-07,2772,Current-Affairs,Anger,,https://www.instagram.com/p/DUcYqf2iPJP/
2026-02-08,1643,Int others,Shock -VE,,https://www.instagram.com/p/DUf8HQUgom6/
2026-02-08,2667,Crime,Shock -VE,,https://www.instagram.com/p/DUflZcTgpYp/
2026-02-08,3466,Entertainment,Controversy,,https://www.instagram.com/p/DUfDtyrAVaO/
2026-02-09,2616,Current-Affairs,Shock -VE,,https://www.instagram.com/p/DUhU9jBmFgv/
2026-02-09,1068484,Crime,Shock -VE,,https://www.instagram.com/p/DUilD5biX8f/
2026-02-09,4460,Current-Affairs,Anger,,https://www.instagram.com/p/DUihAZGjq-6/
2026-02-09,1615,Sports,Funny,,https://www.instagram.com/p/DUibQcWk3tQ/
2026-02-09,4017,Entertainment,Curiosity,,https://www.instagram.com/p/DUiLMBJgq2V/
2026-02-09,1464,Off-beat,Surprise +VE,,https://www.instagram.com/p/DUh_9_6gsWE/
2026-02-09,1758,Current-Affairs,Pride,,https://www.instagram.com/p/DUh-cLkmKJC/
2026-02-09,1483,Off-beat,Happiness,,https://www.instagram.com/p/DUh3DVlAv01/
2026-02-09,3197,Current-Affairs,Shock -VE,,https://www.instagram.com/p/DUh07qOkWfP/
2026-02-09,3081,Crime,Shock -VE,,https://www.instagram.com/p/DUhy2ovAr1e/
2026-02-09,3532,Crime,Shocking,,https://www.instagram.com/p/DUigAiqjFPU/
2026-02-10,1730,Sports,Funny,,https://www.instagram.com/p/DUkRfliEx9g/
2026-02-10,3802,Crime,Shock -VE,,https://www.instagram.com/p/DUj47c6DZpb/
2026-02-10,4578,Entertainment,Controversy,,https://www.instagram.com/p/DUlek7Sk_jm/
2026-02-10,143196,Off-beat,Heartwarming,,https://www.instagram.com/p/DUlNqo7EwZz/
2026-02-10,3245,Entertainment,Curiosity,,https://www.instagram.com/p/DUkurCkgkYf/
2026-02-10,1865,Crime,Shock -VE,,https://www.instagram.com/p/DUkodsSgkQC/
2026-02-10,1652,Crime,Anger,,https://www.instagram.com/p/DUkfukNkxjM/
2026-02-11,2044,Entertainment,Shock -VE,,https://www.instagram.com/p/DUoDYTdDeY3/
2026-02-11,3294,Off-beat,Wow! Amazing!,,https://www.instagram.com/p/DUoAi5BCUAp/
2026-02-11,72884,Off-beat,Curiosity,,https://www.instagram.com/p/DUn0nPtD2Bd/
2026-02-11,1499,International Politics,Funny,,https://www.instagram.com/p/DUnmh50iVpg/
2026-02-11,1565,Current-Affairs,Anger,,https://www.instagram.com/p/DUnTmtXFBh9/
2026-02-11,4469,Entertainment,Controversy,,https://www.instagram.com/p/DUnMlH5gtVY/
2026-02-11,1980,Sports,Shock -VE,,https://www.instagram.com/p/DUm0lK7k-BW/
2026-02-12,1420,Sports,Pride,,https://www.instagram.com/p/DUpEhdmj1IR/
2026-02-12,1887,Crime,Shock -VE,,https://www.instagram.com/p/DUqfLFXAgE1/
2026-02-12,4243,Entertainment,Curiosity,,https://www.instagram.com/p/DUp54MHAdjv/
2026-02-12,2800,Crime,Anger,,https://www.instagram.com/p/DUp2HXCgns7/
2026-02-12,1646,Current-Affairs,Controversy,,https://www.instagram.com/p/DUpgNJOjeyW/
2026-02-13,1867,Current-Affairs,Shock -VE,,https://www.instagram.com/p/DUs_VgPCTBe/
2026-02-13,1621,Off-beat,Curiosity,,https://www.instagram.com/p/DUsUVB6ldCN/
2026-02-13,2316,Off-beat,Controversy,,https://www.instagram.com/p/DUsStvDDyMS/
2026-02-13,1998,Entertainment,Curiosity,,https://www.instagram.com/p/DUr75eNDD5_/
2026-02-14,2038,Off-beat,Curiosity,,https://www.instagram.com/p/DUvnKbWDCFu/
2026-02-14,6077,Current-Affairs,Fear/Concern,,https://www.instagram.com/p/DUvi7Ybjn7M/
2026-02-14,2477,Sports,Controversy,,https://www.instagram.com/p/DUvfUS4F4nm/
2026-02-14,1597,Entertainment,Shock -VE,,https://www.instagram.com/p/DUu3lUbAcTL/
2026-02-14,1850,Current-Affairs,Anger,,https://www.instagram.com/p/DUufrWBgYC1/
2026-02-14,6502,Off-beat,Surprise +VE,,https://www.instagram.com/p/DUuVsOukt7Z/
2026-02-15,2273,Current-Affairs,Sadness,,https://www.instagram.com/p/DUxqmK7juqD/
2026-02-15,5268,Sports,Pride,,https://www.instagram.com/p/DUxkU8TEsJY/
2026-02-15,3482,Crime,Shock -VE,,https://www.instagram.com/p/DUxfts3AYJ2/
2026-02-15,1550,Crime,Anger,,https://www.instagram.com/p/DUxFT-EgS4-/
2026-02-15,3900,Entertainment,Controversy,,https://www.instagram.com/p/DUxC0dUgWx0/
2026-02-16,79195,Off-beat,Heartwarming,,https://www.instagram.com/p/DUzaXyLCAJs/
2026-02-16,2552,Sports,Funny,,https://www.instagram.com/p/DU0F1mxmMUy/
2026-02-16,3001,Entertainment,Controversy,,https://www.instagram.com/p/DU0ChawGsEb/
2026-02-16,2152,Business,Wow! Amazing!,,https://www.instagram.com/p/DUz1pWcDc8G/
2026-02-16,1597,Sports,Funny,,https://www.instagram.com/p/DUzx-f6DU_7/
2026-02-16,2398,Current-Affairs,Shock -VE,,https://www.instagram.com/p/DUznsRIDgDY/
2026-02-17,4082,Entertainment,Controversy,,https://www.instagram.com/p/DU18nbsDg45/
2026-02-17,5523,Off-beat,Surprise +VE,,https://www.instagram.com/p/DU3ahkTgqOF/
2026-02-17,1446,Entertainment,Controversy,,https://www.instagram.com/p/DU3FxNhiXkW/
2026-02-17,3094,Entertainment,Curiosity,,https://www.instagram.com/p/DU2yZN3EwS0/
2026-02-17,1763,Sports,Happiness,,https://www.instagram.com/p/DU2ijNSlXlr/
2026-02-17,4142,Entertainment,Curiosity,,https://www.instagram.com/p/DU2f26hguKT/
2026-02-17,6703,Off-beat,Sadness,,https://www.instagram.com/p/DU2bN7ilVCI/
2026-02-18,3201,Sports,Surprise +VE,,https://www.instagram.com/p/DU4lbiCjc9A/
2026-02-18,4597,Off-beat,Happiness,,https://www.instagram.com/p/DU6E3Cejieg/
2026-02-18,1552,Current-Affairs,Breaking News,,https://www.instagram.com/p/DU6Av66DLLp/
2026-02-18,1930,Current-Affairs,Shock -VE,,https://www.instagram.com/p/DU58suTD5xS/
2026-02-18,2060,Entertainment,Sadness,,https://www.instagram.com/p/DU5ojJ1jZ6h/
2026-02-18,2573,Off-beat,Wow! Amazing!,,https://www.instagram.com/p/DU5Mx1vDBLo/
2026-02-18,1995,Entertainment,Sadness,,https://www.instagram.com/p/DU5DQauDwgK/
2026-02-18,3840,Entertainment,Controversy,,https://www.instagram.com/p/DU45vuQjoF5/
2026-02-18,2538,Int others,Anger,,https://www.instagram.com/p/DU42GA7D2ax/
2026-02-18,3815,Sports,Happiness,,https://www.instagram.com/p/DU42FAlDjgM/
2026-02-19,1630,Lifestyle,Surprise +VE,,https://www.instagram.com/p/DU7IhDhl7su/
2026-02-19,3549,Off-beat,Surprise +VE,,https://www.instagram.com/p/DU8W64fDhHy/
2026-02-19,3412,Current-Affairs,Sadness,,https://www.instagram.com/p/DU7336gDqyt/
2026-02-19,2535,Entertainment,Controversy,,https://www.instagram.com/p/DU7znU1Amx5/
2026-02-19,1537,Crime,Sadness,,https://www.instagram.com/p/DU7iduSDges/
2026-02-19,5342,Crime,Anger,,https://www.instagram.com/p/DU7cKsWjkRd/
2026-02-20,1763,Entertainment,Happiness,,https://www.instagram.com/p/DU_EhgGjsmS/
2026-02-20,1652,Current-Affairs,Shock -VE,,https://www.instagram.com/p/DU-5LNzjeXV/
2026-02-20,7689,Off-beat,Shock -VE,,https://www.instagram.com/p/DU-3NGHjjeN/
2026-02-20,2776,Entertainment,Controversy,,https://www.instagram.com/p/DU-Zz-IF0vv/
2026-02-20,1880,Current-Affairs,Surprise +VE,,https://www.instagram.com/p/DU-RNgjF4oU/
2026-02-21,1522,Sports,Happiness,,https://www.instagram.com/p/DVBpxc1l00Q/
2026-02-21,2925,Off-beat,Sadness,,https://www.instagram.com/p/DVA0Vu8E-wZ/
2026-02-21,2788,Off-beat,Motivation,,https://www.instagram.com/p/DVAadpIigwi/
2026-02-22,3751,Crime,Shock -VE,,https://www.instagram.com/p/DVC2Rhbly45/
2026-02-22,37733,Lifestyle,Shock -VE,,https://www.instagram.com/p/DVEOSyEl6bV/
2026-02-22,3314,Sports,Heartwarming,,https://www.instagram.com/p/DVEBvNIjHOB/
2026-02-22,1535,Entertainment,Happiness,,https://www.instagram.com/p/DVDQuv_E2EC/
2026-02-22,2011,Off-beat,Pride,,https://www.instagram.com/p/DVDI2fgj6Y5/
2026-02-23,1569,Off-beat,Wow! Amazing!,,https://www.instagram.com/p/DVFczmIE7qD/
2026-02-23,2566,Current-Affairs,Anger,,https://www.instagram.com/p/DVGviwZAKOt/
2026-02-23,2258,Int others,Shock -VE,,https://www.instagram.com/p/DVGi5ieGKKc/
2026-02-23,1604,Entertainment,Controversy,,https://www.instagram.com/p/DVGAkFfgfbL/
2026-02-23,2807,Crime,Shock -VE,,https://www.instagram.com/p/DVF-Hs_iUEI/
2026-02-23,1582,Crime,Shock -VE,,https://www.instagram.com/p/DVF5AnqiSW2/
2026-02-23,2310,Entertainment,Happiness,,https://www.instagram.com/p/DVF3Z01lEOH/
2026-02-24,2017,Crime,Shock -VE,,https://www.instagram.com/p/DVIBu5OiAIr/
2026-02-24,8798,Entertainment,Controversy,,https://www.instagram.com/p/DVJXFGhgF9W/
2026-02-24,1794,Crime,Shock -VE,,https://www.instagram.com/p/DVI3U8DDyQZ/
2026-02-24,2121,Crime,Shock -VE,,https://www.instagram.com/p/DVImD8rjNk9/
2026-02-24,2172,Off-beat,Heartwarming,,https://www.instagram.com/p/DVIleGSlA2a/
2026-02-24,1882,Entertainment,Fandom,,https://www.instagram.com/p/DVIgNqykhmE/
2026-02-24,2871,Entertainment,Controversy,,https://www.instagram.com/p/DVIeItDlP0D/
2026-02-24,1910,Current-Affairs,Sadness,,https://www.instagram.com/p/DVIW3LGgagT/
2026-02-25,3294,Sports,Controversy,,https://www.instagram.com/p/DVLgDXriPPl/
2026-02-25,1837,International Politics,Funny,,https://www.instagram.com/p/DVLYO9Xl8PJ/
2026-02-25,1818,Off-beat,Pride,,https://www.instagram.com/p/DVLCW60DpUq/
2026-02-25,1943,Entertainment,Controversy,,https://www.instagram.com/p/DVK3h5FlCZu/
2026-02-25,1442,Current-Affairs,Surprise +VE,,https://www.instagram.com/p/DVKpBnClzNr/
2026-02-26,4003,Entertainment,Happiness,,https://www.instagram.com/p/DVOaJOOl5r6/
2026-02-26,6002,Crime,Shock -VE,,https://www.instagram.com/p/DVODWsCFyiR/
2026-02-26,2768,Entertainment,Controversy,,https://www.instagram.com/p/DVN1ZB6kfvw/
2026-02-26,3927,Sports,Controversy,,https://www.instagram.com/p/DVNU2yCjtjj/
2026-02-26,1961,Current-Affairs,Shock -VE,,https://www.instagram.com/p/DVNN4tbGAay/
2026-02-27,4235,Entertainment,Happiness,,https://www.instagram.com/p/DVQjO7aF_G7/
2026-02-27,2616,Entertainment,Happiness,,https://www.instagram.com/p/DVQP9HGD-yU/
2026-02-27,4283,Entertainment,Happiness,,https://www.instagram.com/p/DVQKZJkCAAE/
2026-02-27,1456,Entertainment,Fandom,,https://www.instagram.com/p/DVQFq2LiOur/
2026-02-27,3732,Sports,Sadness,,https://www.instagram.com/p/DVP3eHAF9LT/
2026-02-28,2704,Entertainment,Happiness,,https://www.instagram.com/p/DVSxWPLCMZH/
2026-02-28,1586,Current-Affairs,Shock -VE,,https://www.instagram.com/p/DVSrY6diPAU/
2026-02-28,1695,Current-Affairs,Shock -VE,,https://www.instagram.com/p/DVSkoI2iIOD/
2026-03-01,1528,Current-Affairs,Surprise +VE,,https://www.instagram.com/p/DVWNLJviDM6/
2026-03-01,1700,Off-beat,Motivation,,https://www.instagram.com/p/DVVlff9iJ9s/
2026-03-01,4112,Sports,Fear/Concern,,https://www.instagram.com/p/DVVbLqtiM-U/
2026-03-01,4655,Current-Affairs,Breaking News,,https://www.instagram.com/p/DVVGC_eCJOy/
2026-03-01,1601,Entertainment,Pride,,https://www.instagram.com/p/DVVB2PHiKzY/
2026-03-01,25838,Off-beat,Shock -VE,,https://www.instagram.com/p/DVU25GwCLDJ/
2026-03-02,2385,Entertainment,Fear/Concern,,https://www.instagram.com/p/DVYYCBQCEgA/
2026-03-02,4235,Entertainment,Pride,,https://www.instagram.com/p/DVYS0M8CP8j/
2026-03-02,3840,Sports,Controversy,,https://www.instagram.com/p/DVYRsK8iEDY/
2026-03-02,5479,Entertainment,Happiness,,https://www.instagram.com/p/DVYMc5VCIUa/
2026-03-02,13190,Entertainment,Surprise +VE,,https://www.instagram.com/p/DVYMMVZiGWK/
2026-03-02,2963,Current-Affairs,Anger,,https://www.instagram.com/p/DVYFJw9EvCw/
2026-03-02,3113,Entertainment,Fandom,,https://www.instagram.com/p/DVX38XlCDSK/
2026-03-02,2294,Politics,Shock -VE,,https://www.instagram.com/p/DVX0avtiABN/
2026-03-02,17097,Entertainment,Controversy,,https://www.instagram.com/p/DVXgKYMCNjQ/
2026-03-03,4616,Current-Affairs,Controversy,,https://www.instagram.com/p/DVbiDYCiJDk/
2026-03-03,2573,Off-beat,Devotion/ spiritual,,https://www.instagram.com/p/DVa_qY6CNvN/
2026-03-03,9395,Current-Affairs,Sadness,,https://www.instagram.com/p/DVa7Xf1CHZz/
2026-03-03,2993,Current-Affairs,Shock -VE,,https://www.instagram.com/p/DVa4qFwAeeo/
2026-03-03,5375,Entertainment,Happiness,,https://www.instagram.com/p/DVat2-siNfG/
2026-03-03,1959,Sports,Anger,,https://www.instagram.com/p/DVamu6nCN8Y/
2026-03-03,2354,Current-Affairs,Shock -VE,,https://www.instagram.com/p/DVajG4RCLYS/
2026-03-03,4365,Entertainment,Fandom,,https://www.instagram.com/p/DVad9Dyks_W/
2026-03-03,2322,Entertainment,Surprise +VE,,https://www.instagram.com/p/DVaWboOiJ61/
2026-03-03,2121,Entertainment,Fandom,,https://www.instagram.com/p/DVaWPzPDX1B/
2026-03-04,3126,International Politics,Funny,,https://www.instagram.com/p/DVd4b3PCC2A/
2026-03-04,1617,Crime,Shock -VE,,https://www.instagram.com/p/DVdQ-B1CEaK/
2026-03-04,4224,Entertainment,Controversy,,https://www.instagram.com/p/DVdHX9YiJe4/
2026-03-04,1615,Off-beat,Surprise +VE,,https://www.instagram.com/p/DVc2ebLiALN/
2026-03-04,1573,Entertainment,Fandom,,https://www.instagram.com/p/DVcxKr4CA3C/
2026-03-04,3206,Crime,Shock -VE,,https://www.instagram.com/p/DVcmQvEF9js/
2026-03-05,10303,Entertainment,Controversy,,https://www.instagram.com/p/DVgktsmAar-/
2026-03-05,3764,Off-beat,Curiosity,,https://www.instagram.com/p/DVgfU3uiOpd/
2026-03-05,2847,Current-Affairs,Fear/Concern,,https://www.instagram.com/p/DVgYSOWDnpO/
2026-03-05,4551,Sports,Curiosity,,https://www.instagram.com/p/DVgQ4EcijVs/
2026-03-05,1967,Current-Affairs,Shock -VE,,https://www.instagram.com/p/DVgK_eJiAih/
2026-03-05,2745,Entertainment,Sadness,,https://www.instagram.com/p/DVgGZ2hAaIl/
2026-03-05,1545,Lifestyle,Fear/Concern,,https://www.instagram.com/p/DVgEchHjHcG/
2026-03-05,1562,Entertainment,Shock -VE,,https://www.instagram.com/p/DVf-hVpCP0B/
2026-03-05,2071,Current-Affairs,Shock -VE,,https://www.instagram.com/p/DVffazaiM6x/
2026-03-05,3201,Current-Affairs,Breaking News,,https://www.instagram.com/p/DVfM6UfCBDn/
2026-03-06,2591,Entertainment,Happiness,,https://www.instagram.com/p/DVirwZ4AX2M/
2026-03-06,1617,Entertainment,Fandom,,https://www.instagram.com/p/DVijQzNDkZx/
2026-03-07,2933,Entertainment,Happiness,,https://www.instagram.com/p/DVlWeNeD85l/
2026-03-07,1444,Sports,Surprise +VE,,https://www.instagram.com/p/DVlBQO6COaq/
2026-03-07,2612,Patriotic,Patriotism,,https://www.instagram.com/p/DVk8lPTDV1B/
2026-03-07,5601,Entertainment,Controversy,,https://www.instagram.com/p/DVktlp1ja1c/
2026-03-08,3010,Sports,Surprise +VE,,https://www.instagram.com/p/DVodNeKjVTJ/
2026-03-08,1652,Business,Wow! Amazing!,,https://www.instagram.com/p/DVoL8SZCI3S/
2026-03-08,10969,Entertainment,Shock -VE,,https://www.instagram.com/p/DVnR2RekhdW/
2026-03-09,4206,Entertainment,Surprise +VE,,https://www.instagram.com/p/DVqnE5Rmh_1/
2026-03-09,7994,Current-Affairs,Shock -VE,,https://www.instagram.com/p/DVqE-gxDRJz/
2026-03-09,3624,Entertainment,Curiosity,,https://www.instagram.com/p/DVqDx5IjZyA/
2026-03-09,49064,Off-beat,Shock -VE,,https://www.instagram.com/p/DVp_SHboJEk/
2026-03-09,10490,Off-beat,Shock -VE,,https://www.instagram.com/p/DVp9pp8CER4/
2026-03-09,5592,Entertainment,Controversy,,https://www.instagram.com/p/DVp5msbgUe7/
2026-03-09,1961,Sports,Fandom,,https://www.instagram.com/p/DVp062DiEFb/
2026-03-09,2942,Sports,Pride,,https://www.instagram.com/p/DVpxJaPjflO/
2026-03-10,2480,Sports,Surprise +VE,,https://www.instagram.com/p/DVtTkF3kkgl/
2026-03-10,1857,International Politics,Shock -VE,,https://www.instagram.com/p/DVtJ1j_DyBu/
2026-03-10,1652,Off-beat,Heartwarming,,https://www.instagram.com/p/DVtBQvYkmy0/
2026-03-10,2497,Entertainment,Controversy,,https://www.instagram.com/p/DVsvetdDe6T/
2026-03-10,3720,Current-Affairs,Shock -VE,,https://www.instagram.com/p/DVsmUnwDWwF/
2026-03-10,2542,Current-Affairs,Sadness,,https://www.instagram.com/p/DVslQS6FEBj/
2026-03-10,2685,Current-Affairs,Shock -VE,,https://www.instagram.com/p/DVshvo3DSNs/
2026-03-10,3245,Current-Affairs,Fear/Concern,,https://www.instagram.com/p/DVsf8CvEu0O/
2026-03-10,3488,Entertainment,Controversy,,https://www.instagram.com/p/DVsa0uYEudx/
2026-03-10,2678,Current-Affairs,Shock -VE,,https://www.instagram.com/p/DVsC4mNiHiQ/
2026-03-11,14149,Sports,Controversy,,https://www.instagram.com/p/DVvcalMEkh0/
2026-03-11,1698,Off-beat,Shock -VE,,https://www.instagram.com/p/DVvIQJGEiUC/
2026-03-11,2937,Entertainment,Curiosity,,https://www.instagram.com/p/DVvBWZ8DYAU/
2026-03-11,2060,Entertainment,Pride,,https://www.instagram.com/p/DVu0o2DAaYD/
2026-03-11,2373,Current-Affairs,Pride,,https://www.instagram.com/p/DVun1eYk3BW/
2026-03-12,1458,Off-beat,Shock -VE,,https://www.instagram.com/p/DVyNO5WF7vq/
2026-03-12,5773,Crime,Shock -VE,,https://www.instagram.com/p/DVyGevuCd4c/
2026-03-12,3299,Entertainment,Controversy,,https://www.instagram.com/p/DVx-Bx6kiJl/
2026-03-12,1928,Current-Affairs,Shock -VE,,https://www.instagram.com/p/DVx5LMfjeQm/
2026-03-12,1815,Entertainment,Happiness,,https://www.instagram.com/p/DVx1QU3krr3/
2026-03-12,3164,Sports,Controversy,,https://www.instagram.com/p/DVx1KI-kkT7/
2026-03-12,3444,Entertainment,Controversy,,https://www.instagram.com/p/DVxuUqpje6Y/
2026-03-12,1828,Entertainment,Fandom,,https://www.instagram.com/p/DVxnuq1ib74/
2026-03-12,2225,Entertainment,Shock -VE,,https://www.instagram.com/p/DVxmMYOiTmD/
2026-03-12,1837,Off-beat,Surprise +VE,,https://www.instagram.com/p/DVxeYx_mqtU/
2026-03-12,1732,Current-Affairs,Shock -VE,,https://www.instagram.com/p/DVxLQxnF3Zh/
2026-03-13,1892,Int others,Surprise +VE,,https://www.instagram.com/p/DV09LQoAKkE/
2026-03-13,5284,Politics,Controversy,,https://www.instagram.com/p/DV0ut4IDgdp/
2026-03-13,3094,Sports,Controversy,,https://www.instagram.com/p/DV0eDzcEgil/
2026-03-13,1472,Sports,Controversy,,https://www.instagram.com/p/DV0SbICjahq/
2026-03-13,4754,Entertainment,Happiness,,https://www.instagram.com/p/DV0MG-ADTLr/
2026-03-13,543465,Entertainment,Controversy,,https://www.instagram.com/p/DV0CY0MATmS/
2026-03-13,2594,Current-Affairs,Shock -VE,,https://www.instagram.com/p/DVz3ZKFE3Jq/
2026-03-14,3304,Entertainment,Surprise +VE,,https://www.instagram.com/p/DV3pC0WE0Cc/
2026-03-14,2570,Off-beat,Funny,,https://www.instagram.com/p/DV23OZriWK7/
2026-03-14,2803,Current-Affairs,Fear/Concern,,https://www.instagram.com/p/DV2sjyKjx-N/
2026-03-14,4714,Entertainment,Sadness,,https://www.instagram.com/p/DV2gTjjjItu/
2026-03-15,1682,Current-Affairs,Breaking News,,https://www.instagram.com/p/DV6Ut9aE32u/
2026-03-15,4032,Off-beat,Heartwarming,,https://www.instagram.com/p/DV6Myc5E8ni/
2026-03-15,1691,Sports,Happiness,,https://www.instagram.com/p/DV5qtf1gfxw/
2026-03-15,2888,Current-Affairs,Anger,,https://www.instagram.com/p/DV5jk8oDqiA/
2026-03-15,1732,Cultural,Surprise +VE,,https://www.instagram.com/p/DV5L4pOGnqW/
2026-03-16,2831,Off-beat,Shock -VE,,https://www.instagram.com/p/DV8p3DBDRmn/
2026-03-16,1979,Entertainment,Curiosity,,https://www.instagram.com/p/DV8k0myABf3/
2026-03-16,2207,Current-Affairs,Fear/Concern,,https://www.instagram.com/p/DV8c5rLkXpv/
2026-03-16,2121,Current-Affairs,Pride,,https://www.instagram.com/p/DV8Tq0-AIJV/
2026-03-16,3319,Entertainment,Controversy,,https://www.instagram.com/p/DV8CaHZE4ah/
2026-03-16,3783,Entertainment,Controversy,,https://www.instagram.com/p/DV8BbRvEwjs/
2026-03-16,145106,Entertainment,Controversy,,https://www.instagram.com/p/DV73zLzglmD/
2026-03-16,13721,Sports,Happiness,,https://www.instagram.com/p/DV71SwBEzxk/
2026-03-16,10595,Entertainment,Controversy,,https://www.instagram.com/p/DV7kvBZj0UI/
2026-03-17,3360,Current-Affairs,Fear/Concern,,https://www.instagram.com/p/DV_d36Wk6H9/
2026-03-17,3941,Crime,Shock -VE,,https://www.instagram.com/p/DV_W1w7jOsR/
2026-03-17,5839,Entertainment,Shock -VE,,https://www.instagram.com/p/DV_EmvgDzmI/
2026-03-17,1875,Sports,Happiness,,https://www.instagram.com/p/DV-71WbGNKT/
2026-03-17,4635,Entertainment,Controversy,,https://www.instagram.com/p/DV-6P0aGG4U/
2026-03-17,1432,Sports,Funny,,https://www.instagram.com/p/DV-sDuuCFCI/
2026-03-17,2138,Off-beat,Surprise +VE,,https://www.instagram.com/p/DV-o9QOEqhO/
2026-03-17,1887,Current-Affairs,Shock -VE,,https://www.instagram.com/p/DV-n6c7l4k6/
2026-03-17,1524,Sports,Happiness,,https://www.instagram.com/p/DV-keBjiNOv/
2026-03-17,1735,Sports,Pride,,https://www.instagram.com/p/DV-eL04INWa/
2026-03-17,3182,Off-beat,Funny,,https://www.instagram.com/p/DV-VXaGGKy0/
2026-03-18,1414,Politics,Funny,,https://www.instagram.com/p/DWB1x95CBBV/
2026-03-18,1688,Current-Affairs,Controversy,,https://www.instagram.com/p/DWBLEFIk5-A/
2026-03-18,2316,Entertainment,Pride,,https://www.instagram.com/p/DWBA6QBjum2/
2026-03-18,1862,Entertainment,Patriotism,,https://www.instagram.com/p/DWA6aRVEyYQ/
2026-03-19,2155,Current-Affairs,Wow! Amazing!,,https://www.instagram.com/p/DWEhe4Hgl3Q/
2026-03-19,5514,Off-beat,Anger,,https://www.instagram.com/p/DWEdYFiArom/
2026-03-19,1964,Int others,Curiosity,,https://www.instagram.com/p/DWD1X0wGg-i/
2026-03-20,1855,Current-Affairs,Surprise +VE,,https://www.instagram.com/p/DWHQX4uF07e/
2026-03-20,1512,International Politics,Shock -VE,,https://www.instagram.com/p/DWGm1Xdlw8h/
2026-03-20,2240,Entertainment,Surprise +VE,,https://www.instagram.com/p/DWGUmW5AmBH/
2026-03-20,1744,Sports,Surprise +VE,,https://www.instagram.com/p/DWF5FdOlwCC/
2026-03-21,2025,Crime,Anger,,https://www.instagram.com/p/DWJuhh7iKPU/
2026-03-21,2815,Off-beat,Motivation,,https://www.instagram.com/p/DWJp6--l1sq/
2026-03-21,1545,Sports,Shock -VE,,https://www.instagram.com/p/DWJFn6JFpRi/
2026-03-22,3660,Off-beat,Shock -VE,,https://www.instagram.com/p/DWMLivRAhoA/
2026-03-22,25664,Current-Affairs,Fear/Concern,,https://www.instagram.com/p/DWLqSdkgtvO/
2026-03-22,8183,Sports,Motivation,,https://www.instagram.com/p/DWLh2APFwRM/
2026-03-22,2612,Current-Affairs,Controversy,,https://www.instagram.com/p/DWLdJCqE_Dw/
2026-03-22,4150,Current-Affairs,Shock -VE,,https://www.instagram.com/p/DWLAPe5gi8-/
2026-03-23,1897,International Politics,Breaking News,,https://www.instagram.com/p/DWO1M5hAu5Q/
2026-03-23,1584,Sports,Wow! Amazing!,,https://www.instagram.com/p/DWOnb2Olx-k/
2026-03-23,5604,Entertainment,Controversy,,https://www.instagram.com/p/DWOZQF9goNN/
2026-03-23,3269,Business,Breaking News,,https://www.instagram.com/p/DWOVNCElwzk/
2026-03-23,1632,Entertainment,Pride,,https://www.instagram.com/p/DWOVBGZja3H/
2026-03-23,2017,Sports,Controversy,,https://www.instagram.com/p/DWOFvNcApbj/
2026-03-23,3173,Entertainment,Fandom,,https://www.instagram.com/p/DWN8FepF7Ox/
2026-03-23,2341,Current-Affairs,Shock -VE,,https://www.instagram.com/p/DWN6eQjAuZt/
2026-03-23,2335,Current-Affairs,Fear/Concern,,https://www.instagram.com/p/DWNi63Ml64k/
2026-03-24,3642,Entertainment,Curiosity,,https://www.instagram.com/p/DWRXl4ZCDF-/
2026-03-24,3789,Off-beat,Heartwarming,,https://www.instagram.com/p/DWQrbQgghjw/
2026-03-24,5061,Crime,Shock -VE,,https://www.instagram.com/p/DWQjObliLcs/
2026-03-24,7670,Current-Affairs,Breaking News,,https://www.instagram.com/p/DWQY8ZvAh-d/
2026-03-24,2776,Off-beat,Shock -VE,,https://www.instagram.com/p/DWQTJiQAr7I/
2026-03-24,5563,Crime,Shock -VE,,https://www.instagram.com/p/DWQI6J5gjlk/
2026-03-25,5097,Current-Affairs,Fear/Concern,,https://www.instagram.com/p/DWT2TgIDtub/
2026-03-25,3538,Current-Affairs,Surprise +VE,,https://www.instagram.com/p/DWTrU2EjuYP/
2026-03-25,1558,Current-Affairs,Shock -VE,,https://www.instagram.com/p/DWTXuOVDmqk/
2026-03-25,2880,Entertainment,Controversy,,https://www.instagram.com/p/DWTQOB4jQDe/
2026-03-25,1503,Off-beat,Surprise +VE,,https://www.instagram.com/p/DWTN4pIjRlW/
2026-03-25,8265,Entertainment,Controversy,,https://www.instagram.com/p/DWTMnFfDnGG/
2026-03-25,1524,Entertainment,Controversy,,https://www.instagram.com/p/DWTJLVCjpaG/
2026-03-25,4227,Current-Affairs,Shock -VE,,https://www.instagram.com/p/DWTJIdrDilp/
2026-03-25,1946,Politics,Curiosity,,https://www.instagram.com/p/DWTGP0BAlRI/
2026-03-25,1953,Entertainment,Sadness,,https://www.instagram.com/p/DWTAftflySi/
2026-03-25,1601,Sports,Heartwarming,,https://www.instagram.com/p/DWSxOTtglnB/
2026-03-25,3182,Off-beat,Shock -VE,,https://www.instagram.com/p/DWSv6rKgiB1/
2026-03-26,3927,Off-beat,Controversy,,https://www.instagram.com/p/DWV_z3-jZsz/
2026-03-26,2001,Crime,Anger,,https://www.instagram.com/p/DWV2AZtjQkz/
2026-03-26,3678,Off-beat,Shock -VE,,https://www.instagram.com/p/DWVxaLTDrvj/
2026-03-26,3023,Current-Affairs,Fear/Concern,,https://www.instagram.com/p/DWVpu4djeQZ/
2026-03-27,1516,Politics,Surprise +VE,,https://www.instagram.com/p/DWY6CPWDhN8/
2026-03-27,5319,Entertainment,Controversy,,https://www.instagram.com/p/DWY19eLjmNe/
2026-03-27,3028,Crime,Shock -VE,,https://www.instagram.com/p/DWYeDYxDnvW/
2026-03-27,2041,Entertainment,Controversy,,https://www.instagram.com/p/DWYSyxZDs1F/
2026-03-27,3182,Business,Fear/Concern,,https://www.instagram.com/p/DWYDPMljqXV/
2026-03-27,1744,Current-Affairs,Shock -VE,,https://www.instagram.com/p/DWX7_OyDrxn/
2026-03-28,1860,Current-Affairs,Controversy,,https://www.instagram.com/p/DWbanEUjo3k/
2026-03-28,6052,Crime,Shock -VE,,https://www.instagram.com/p/DWbMIoojSjn/
2026-03-28,4391,Current-Affairs,Shock -VE,,https://www.instagram.com/p/DWa4E-GjlvL/
2026-03-28,4213,Sports,Curiosity,,https://www.instagram.com/p/DWaezF8iBpi/
2026-03-29,1775,Current-Affairs,Anger,,https://www.instagram.com/p/DWeFrtqGFft/
2026-03-29,2110,Sports,Heartwarming,,https://www.instagram.com/p/DWd4FDcDtWb/
2026-03-29,3527,Current-Affairs,Sadness,,https://www.instagram.com/p/DWdqzB3Dhc3/
2026-03-29,2920,Entertainment,Curiosity,,https://www.instagram.com/p/DWdSDwEEXbH/
2026-03-29,2598,Sports,Anger,,https://www.instagram.com/p/DWdLKEUl1Va/
2026-03-30,2819,Off-beat,Anger,,https://www.instagram.com/p/DWgqaSBF_ec/
2026-03-30,1880,Current-Affairs,Happiness,,https://www.instagram.com/p/DWgnj6Ikdxy/
2026-03-30,2867,Entertainment,Shock -VE,,https://www.instagram.com/p/DWgWV62ib3s/
2026-03-30,3063,Crime,Shock -VE,,https://www.instagram.com/p/DWgS51xDviJ/
2026-03-30,3618,Entertainment,Curiosity,,https://www.instagram.com/p/DWgPlyXDqnq/
2026-03-30,2484,Entertainment,Controversy,,https://www.instagram.com/p/DWgKJjFDizb/
2026-03-30,11266,Off-beat,Surprise +VE,,https://www.instagram.com/p/DWf_r2ljLOM/
2026-03-30,3117,Crime,Funny,,https://www.instagram.com/p/DWfuttrF-Qc/
2026-03-30,35046,Current-Affairs,Fear/Concern,,https://www.instagram.com/p/DWfkJprFr3n/
2026-03-31,2912,Off-beat,Shock -VE,,https://www.instagram.com/p/DWi7Wy1lkTJ/
2026-03-31,1698,Sports,Pride,,https://www.instagram.com/p/DWi25GRgfs6/
2026-03-31,2659,Off-beat,Fear/Concern,,https://www.instagram.com/p/DWirA1ZF5VA/
2026-04-01,1562,Current-Affairs,Fear/Concern,,https://www.instagram.com/p/DWmGdOIFs6k/
2026-04-01,1753,Entertainment,Controversy,,https://www.instagram.com/p/DWl3Tdulu5R/
2026-04-01,2288,Current-Affairs,Breaking News,,https://www.instagram.com/p/DWlxjqRF3oy/
2026-04-01,1510,Politics,Fear/Concern,,https://www.instagram.com/p/DWloh18l24m/
2026-04-01,2335,Entertainment,Happiness,,https://www.instagram.com/p/DWleJrQDy5Y/
2026-04-01,1857,Entertainment,Sadness,,https://www.instagram.com/p/DWlasQPFxKs/
2026-04-01,3064,Entertainment,Fandom,,https://www.instagram.com/p/DWlVX0SFgci/
2026-04-01,5388,Crime,Shock -VE,,https://www.instagram.com/p/DWlRLCeF_Vt/
2026-04-01,4626,Sports,Curiosity,,https://www.instagram.com/p/DWks8Y2iPqm/
2026-04-02,7824,Off-beat,Heartwarming,,https://www.instagram.com/p/DWoczc2jggH/
2026-04-02,1840,Politics,Shock -VE,,https://www.instagram.com/p/DWn6GC0AYYd/
2026-04-02,3650,Entertainment,Controversy,,https://www.instagram.com/p/DWnzCIqjjhj/
2026-04-02,1470,Entertainment,Fandom,,https://www.instagram.com/p/DWnw-azgR20/
2026-04-03,1650,Entertainment,Surprise +VE,,https://www.instagram.com/p/DWq5JNJjJeK/
2026-04-03,71233,Int others,Controversy,,https://www.instagram.com/p/DWqhQHjl_Tv/
2026-04-04,2310,Off-beat,Sadness,,https://www.instagram.com/p/DWtbi3YF4uW/
2026-04-04,1541,Current-Affairs,Happiness,,https://www.instagram.com/p/DWsgqQtCOX3/
2026-04-06,5989,Off-beat,Heartwarming,,https://www.instagram.com/p/DWy9DhRESsb/
2026-04-06,2132,Current-Affairs,Anger,,https://www.instagram.com/p/DWypWgpiLpJ/
2026-04-06,2800,Crime,Shock -VE,,https://www.instagram.com/p/DWyoHv3CM2u/
2026-04-06,1691,Politics,Controversy,,https://www.instagram.com/p/DWyOomGiEny/
2026-04-07,3058,International Politics,Breaking News,,https://www.instagram.com/p/DW1XMS4F7Pg/
2026-04-07,1582,Entertainment,Wow! Amazing!,,https://www.instagram.com/p/DW0p5XYl405/
2026-04-08,1716,Entertainment,Curiosity,,https://www.instagram.com/p/DW31LSXFyks/
2026-04-08,2444,Entertainment,Sadness,,https://www.instagram.com/p/DW3prFoCJio/
2026-04-08,1410,Entertainment,Pride,,https://www.instagram.com/p/DW3Q6JHl8QT/
2026-04-08,2104,Lifestyle,Fear/Concern,,https://www.instagram.com/p/DW2tUNrCGKH/
2026-04-09,1718,Entertainment,Controversy,,https://www.instagram.com/p/DW6PSC7l7AT/
2026-04-09,1547,Politics,Fear/Concern,,https://www.instagram.com/p/DW5yIqIFwhC/
2026-04-09,1700,Current-Affairs,Controversy,,https://www.instagram.com/p/DW5tktBFwv-/
2026-04-12,3589,Int others,Shock -VE,,https://www.instagram.com/p/DXBEf0XF45a/
